ID,Questionnaire préalable,Questionnaire préalable - Date d'achèvement,Les aires fonctionnelles du cerveau,Les aires fonctionnelles du cerveau - Date d'achèvement,Auto-évaluation 1,Auto-évaluation 1 - Date d'achèvement,A l'extérieur et à l'intérieur du cerveau,A l'extérieur et à l'intérieur du cerveau - Date d'achèvement,Auto-évaluation 2,Auto-évaluation 2 - Date d'achèvement,Caractéristiques,Caractéristiques - Date d'achèvement,Informations pratiques,Informations pratiques - Date d'achèvement,Auto-évaluation 3,Auto-évaluation 3 - Date d'achèvement,Quiz final,Quiz final - Date d'achèvement,Cours terminé
283468,Terminé,"14 juin 21, 14:25",Terminé,"14 juin 21, 14:27",Terminé,"14 juin 21, 14:37",Pas terminé,,Pas terminé,,Pas terminé,,Pas terminé,,Pas terminé,,Pas terminé,,
283423,Terminé,"14 juin 21, 11:11",Terminé,"14 juin 21, 11:12",Terminé,"14 juin 21, 12:23",Terminé,"14 juin 21, 12:23",Terminé,"14 juin 21, 12:28",Terminé,"14 juin 21, 12:28",Terminé,"14 juin 21, 12:31",Terminé,"14 juin 21, 12:35",Terminé,"14 juin 21, 12:39","14 juin 21, 12:39"
271576,Pas terminé,,Pas terminé,,Pas terminé,,Pas terminé,,Pas terminé,,Pas terminé,,Pas terminé,,Pas terminé,,Pas terminé,,
283946,Terminé,"16 juin 21, 17:54",Terminé,"16 juin 21, 17:54",Terminé,"16 juin 21, 18:04",Terminé,"16 juin 21, 18:07",Terminé,"16 juin 21, 18:10",Terminé,"16 juin 21, 18:12",Terminé,"16 juin 21, 18:13",Terminé,"16 juin 21, 18:16",Terminé,"16 juin 21, 18:22","16 juin 21, 18:22"
275359,Pas terminé,,Terminé,"16 avril 21, 20:57",Pas terminé,"16 avril 21, 21:10",Terminé,"16 avril 21, 21:22",Terminé,"16 avril 21, 21:27",Terminé,"16 avril 21, 21:29",Terminé,"16 avril 21, 21:31",Terminé,"16 avril 21, 21:38",Pas terminé,"16 avril 21, 21:50",
275757,Pas terminé,,Terminé,"18 avril 21, 18:52",Terminé,"18 avril 21, 18:57",Terminé,"18 avril 21, 19:01",Terminé,"18 avril 21, 19:04",Terminé,"18 avril 21, 19:09",Terminé,"18 avril 21, 19:10",Terminé,"18 avril 21, 19:14",Terminé,"18 avril 21, 19:26",
281358,Terminé,"26 mai 21, 15:34",Terminé,"26 mai 21, 15:37",Terminé,"26 mai 21, 15:44",Terminé,"26 mai 21, 15:47",Terminé,"26 mai 21, 15:54",Terminé,"26 mai 21, 15:56",Terminé,"26 mai 21, 16:00",Terminé,"26 mai 21, 16:07",Terminé,"26 mai 21, 16:12","26 mai 21, 16:12"
282425,Terminé,"5 juin 21, 19:38",Terminé,"5 juin 21, 19:41",Pas terminé,,Pas terminé,,Pas terminé,,Pas terminé,,Pas terminé,,Pas terminé,,Pas terminé,,
281821,Terminé,"31 mai 21, 13:49",Terminé,"31 mai 21, 13:50",Terminé,"31 mai 21, 13:54",Terminé,"31 mai 21, 13:55",Terminé,"31 mai 21, 13:59",Terminé,"31 mai 21, 14:00",Terminé,"31 mai 21, 14:02",Terminé,"31 mai 21, 14:06",Terminé,"31 mai 21, 14:10","31 mai 21, 14:10"
280431,Terminé,"16 juin 21, 19:09",Terminé,"20 mai 21, 17:11",Terminé,"16 juin 21, 19:21",Terminé,"16 juin 21, 19:22",Terminé,"16 juin 21, 19:25",Terminé,"16 juin 21, 19:30",Terminé,"16 juin 21, 19:31",Terminé,"16 juin 21, 19:35",Terminé,"16 juin 21, 19:45","16 juin 21, 19:45"
277831,Pas terminé,,Pas terminé,,Pas terminé,,Pas terminé,,Pas terminé,,Pas terminé,,Pas terminé,,Pas terminé,,Pas terminé,,
283869,Terminé,"16 juin 21, 11:10",Terminé,"16 juin 21, 11:11",Terminé,"16 juin 21, 11:15",Pas terminé,,Pas terminé,,Pas terminé,,Pas terminé,,Pas terminé,,Pas terminé,,
281288,Terminé,"25 mai 21, 20:31",Terminé,"25 mai 21, 20:31",Terminé,"25 mai 21, 20:36",Terminé,"25 mai 21, 20:40",Terminé,"25 mai 21, 20:46",Terminé,"25 mai 21, 20:47",Terminé,"25 mai 21, 20:48",Terminé,"25 mai 21, 20:51",Terminé,"25 mai 21, 20:58","25 mai 21, 20:58"
282587,Pas terminé,,Terminé,"7 juin 21, 13:51",Pas terminé,,Pas terminé,,Pas terminé,,Pas terminé,,Pas terminé,,Pas terminé,,Pas terminé,,
284366,Terminé,"20 juin 21, 14:44",Terminé,"20 juin 21, 14:35",Terminé,"20 juin 21, 14:51",Terminé,"20 juin 21, 14:55",Terminé,"20 juin 21, 15:00",Terminé,"20 juin 21, 15:00",Terminé,"20 juin 21, 15:02",Terminé,"20 juin 21, 15:04",Terminé,"20 juin 21, 15:09","20 juin 21, 15:09"
285358,Terminé,"28 juin 21, 14:35",Terminé,"28 juin 21, 14:37",Terminé,"28 juin 21, 14:43",Terminé,"28 juin 21, 14:44",Terminé,"28 juin 21, 14:50",Terminé,"28 juin 21, 14:50",Terminé,"28 juin 21, 14:53",Terminé,"28 juin 21, 14:59",Terminé,"28 juin 21, 15:05","28 juin 21, 15:05"
283583,Terminé,"14 juin 21, 23:03",Terminé,"14 juin 21, 23:21",Terminé,"14 juin 21, 23:55",Terminé,"15 juin 21, 00:02",Terminé,"15 juin 21, 00:06",Terminé,"15 juin 21, 00:09",Terminé,"15 juin 21, 00:10",Terminé,"15 juin 21, 00:16",Terminé,"15 juin 21, 00:23","15 juin 21, 00:23"
275415,Terminé,"15 mai 21, 20:59",Terminé,"15 mai 21, 21:00",Terminé,"15 mai 21, 21:04",Terminé,"15 mai 21, 21:04",Terminé,"15 mai 21, 21:08",Terminé,"15 mai 21, 21:09",Terminé,"15 mai 21, 21:10",Terminé,"15 mai 21, 21:14",Terminé,"15 mai 21, 21:21","15 mai 21, 21:21"
283461,Pas terminé,,Terminé,"14 juin 21, 12:55",Terminé,"14 juin 21, 13:00",Terminé,"14 juin 21, 13:03",Terminé,"14 juin 21, 13:06",Terminé,"14 juin 21, 13:09",Terminé,"14 juin 21, 13:10",Terminé,"14 juin 21, 13:14",Terminé,"14 juin 21, 13:17",
282734,Terminé,"8 juin 21, 12:51",Terminé,"8 juin 21, 12:52",Terminé,"8 juin 21, 12:57",Terminé,"8 juin 21, 12:58",Terminé,"8 juin 21, 13:00",Terminé,"8 juin 21, 13:01",Terminé,"8 juin 21, 13:01",Terminé,"8 juin 21, 13:08",Terminé,"8 juin 21, 13:11","8 juin 21, 13:11"
281523,Terminé,"27 mai 21, 20:06",Terminé,"27 mai 21, 20:08",Terminé,"27 mai 21, 20:11",Terminé,"27 mai 21, 20:13",Terminé,"27 mai 21, 20:15",Terminé,"27 mai 21, 20:16",Terminé,"27 mai 21, 20:17",Terminé,"27 mai 21, 20:20",Terminé,"27 mai 21, 20:25","27 mai 21, 20:25"
282624,Pas terminé,,Terminé,"7 juin 21, 18:21",Terminé,"7 juin 21, 18:50",Terminé,"7 juin 21, 18:27",Terminé,"7 juin 21, 18:52",Terminé,"7 juin 21, 18:33",Terminé,"7 juin 21, 18:36",Terminé,"7 juin 21, 18:53",Terminé,"7 juin 21, 18:49",
282085,Terminé,"2 juin 21, 16:56",Terminé,"2 juin 21, 16:27",Terminé,"2 juin 21, 16:32",Terminé,"2 juin 21, 16:33",Terminé,"2 juin 21, 16:37",Terminé,"2 juin 21, 16:37",Terminé,"2 juin 21, 16:39",Terminé,"2 juin 21, 16:42",Terminé,"2 juin 21, 16:46","2 juin 21, 16:56"
281855,Terminé,"31 mai 21, 20:56",Terminé,"31 mai 21, 20:57",Terminé,"31 mai 21, 21:00",Terminé,"31 mai 21, 21:01",Terminé,"31 mai 21, 21:03",Terminé,"31 mai 21, 21:03",Terminé,"31 mai 21, 21:04",Terminé,"31 mai 21, 21:06",Terminé,"31 mai 21, 21:09","31 mai 21, 21:09"
281753,Terminé,"31 mai 21, 21:14",Terminé,"31 mai 21, 21:14",Terminé,"31 mai 21, 21:20",Terminé,"31 mai 21, 21:22",Terminé,"31 mai 21, 21:29",Terminé,"31 mai 21, 21:31",Terminé,"31 mai 21, 21:36",Terminé,"31 mai 21, 21:39",Terminé,"31 mai 21, 21:46","31 mai 21, 21:46"
283281,Terminé,"16 juin 21, 00:40",Terminé,"16 juin 21, 00:40",Terminé,"16 juin 21, 00:45",Terminé,"16 juin 21, 00:47",Terminé,"16 juin 21, 00:56",Terminé,"16 juin 21, 00:57",Terminé,"20 juin 21, 01:33",Terminé,"20 juin 21, 01:41",Terminé,"20 juin 21, 01:54","20 juin 21, 01:54"
283791,Terminé,"15 juin 21, 21:03",Terminé,"15 juin 21, 21:07",Pas terminé,,Terminé,"15 juin 21, 21:27",Pas terminé,,Terminé,"15 juin 21, 21:34",Terminé,"15 juin 21, 21:38",Terminé,"15 juin 21, 21:48",Pas terminé,,
281370,Terminé,"26 mai 21, 17:33",Terminé,"26 mai 21, 17:35",Terminé,"26 mai 21, 17:39",Terminé,"26 mai 21, 17:42",Terminé,"26 mai 21, 17:46",Terminé,"26 mai 21, 17:47",Terminé,"26 mai 21, 17:50",Terminé,"26 mai 21, 17:53",Terminé,"26 mai 21, 18:09","26 mai 21, 18:09"
281785,Terminé,"31 mai 21, 22:54",Terminé,"31 mai 21, 22:55",Terminé,"31 mai 21, 22:59",Terminé,"31 mai 21, 22:59",Terminé,"31 mai 21, 23:04",Terminé,"31 mai 21, 23:04",Terminé,"31 mai 21, 23:06",Terminé,"31 mai 21, 23:10",Terminé,"31 mai 21, 23:15","31 mai 21, 23:15"
281751,Terminé,"30 mai 21, 16:45",Terminé,"30 mai 21, 16:12",Terminé,"30 mai 21, 16:19",Terminé,"30 mai 21, 16:19",Terminé,"30 mai 21, 16:25",Terminé,"30 mai 21, 16:25",Terminé,"30 mai 21, 16:25",Terminé,"30 mai 21, 16:30",Terminé,"30 mai 21, 16:35","30 mai 21, 16:45"
284023,Terminé,"17 juin 21, 11:04",Terminé,"17 juin 21, 11:05",Terminé,"17 juin 21, 11:15",Terminé,"17 juin 21, 11:15",Terminé,"17 juin 21, 11:21",Terminé,"17 juin 21, 11:22",Terminé,"17 juin 21, 11:24",Terminé,"17 juin 21, 11:28",Terminé,"17 juin 21, 11:33","17 juin 21, 11:33"
281752,Terminé,"30 mai 21, 16:37",Terminé,"30 mai 21, 16:50",Terminé,"30 mai 21, 17:01",Terminé,"30 mai 21, 18:28",Terminé,"30 mai 21, 18:34",Terminé,"30 mai 21, 18:34",Terminé,"30 mai 21, 18:34",Terminé,"30 mai 21, 18:38",Terminé,"30 mai 21, 18:50","30 mai 21, 18:50"
282630,Terminé,"7 juin 21, 19:58",Terminé,"7 juin 21, 19:59",Terminé,"7 juin 21, 20:07",Terminé,"7 juin 21, 20:07",Terminé,"7 juin 21, 20:14",Terminé,"7 juin 21, 20:16",Terminé,"7 juin 21, 20:19",Terminé,"7 juin 21, 20:26",Terminé,"7 juin 21, 20:29","7 juin 21, 20:29"
285541,Pas terminé,,Pas terminé,,Pas terminé,,Pas terminé,,Pas terminé,,Pas terminé,,Pas terminé,,Pas terminé,,Pas terminé,,
284714,Pas terminé,,Terminé,"22 juin 21, 21:08",Terminé,"26 juin 21, 19:16",Terminé,"26 juin 21, 19:17",Terminé,"26 juin 21, 19:22",Terminé,"26 juin 21, 19:22",Terminé,"27 juin 21, 18:09",Terminé,"27 juin 21, 18:12",Terminé,"27 juin 21, 18:15",
284478,Terminé,"21 juin 21, 13:08",Terminé,"21 juin 21, 13:08",Terminé,"21 juin 21, 13:13",Terminé,"21 juin 21, 13:18",Terminé,"21 juin 21, 13:25",Terminé,"21 juin 21, 13:26",Terminé,"21 juin 21, 13:28",Terminé,"21 juin 21, 13:32",Terminé,"21 juin 21, 13:35","21 juin 21, 13:35"
281800,Terminé,"31 mai 21, 10:34",Terminé,"31 mai 21, 10:37",Terminé,"31 mai 21, 10:43",Terminé,"31 mai 21, 10:44",Terminé,"31 mai 21, 11:04",Terminé,"31 mai 21, 11:05",Terminé,"31 mai 21, 11:09",Terminé,"31 mai 21, 11:15",Terminé,"31 mai 21, 11:23","31 mai 21, 11:23"
275752,Pas terminé,,Terminé,,Terminé,"18 avril 21, 18:30",Terminé,"18 avril 21, 17:49",Terminé,"18 avril 21, 18:11",Terminé,"18 avril 21, 17:55",Terminé,"18 avril 21, 18:00",Terminé,"18 avril 21, 18:17",Terminé,"18 avril 21, 18:25",
282955,Terminé,"10 juin 21, 09:39",Terminé,"10 juin 21, 09:39",Terminé,"10 juin 21, 09:45",Terminé,"10 juin 21, 09:49",Terminé,"10 juin 21, 09:53",Terminé,"10 juin 21, 09:55",Terminé,"10 juin 21, 09:56",Terminé,"10 juin 21, 09:59",Terminé,"10 juin 21, 10:03","10 juin 21, 10:03"
283225,Terminé,"13 juin 21, 22:58",Terminé,"13 juin 21, 22:59",Terminé,"13 juin 21, 23:22",Terminé,"13 juin 21, 23:27",Terminé,"13 juin 21, 23:33",Terminé,"13 juin 21, 23:36",Terminé,"13 juin 21, 23:39",Terminé,"13 juin 21, 23:43",Terminé,"14 juin 21, 05:36","14 juin 21, 05:36"
275517,Pas terminé,,Terminé,"17 avril 21, 09:40",Terminé,"17 avril 21, 09:53",Terminé,"17 avril 21, 09:58",Terminé,"17 avril 21, 10:05",Terminé,"17 avril 21, 10:07",Terminé,"17 avril 21, 10:11",Terminé,"17 avril 21, 10:15",Terminé,"17 avril 21, 10:20",
281918,Pas terminé,,Pas terminé,,Pas terminé,,Pas terminé,,Pas terminé,,Pas terminé,,Pas terminé,,Pas terminé,,Pas terminé,,
283324,Terminé,"13 juin 21, 17:38",Terminé,"13 juin 21, 17:39",Pas terminé,,Pas terminé,,Pas terminé,,Pas terminé,,Pas terminé,,Pas terminé,,Pas terminé,,
271530,Pas terminé,,Pas terminé,,Pas terminé,,Pas terminé,,Pas terminé,,Terminé,"20 mai 21, 23:04",Pas terminé,,Pas terminé,,Pas terminé,,
280428,Terminé,"19 mai 21, 15:48",Terminé,"19 mai 21, 15:50",Terminé,"19 mai 21, 15:54",Terminé,"19 mai 21, 16:00",Terminé,"19 mai 21, 16:08",Terminé,"19 mai 21, 16:10",Terminé,"19 mai 21, 16:12",Terminé,"19 mai 21, 16:21",Terminé,"19 mai 21, 16:31","19 mai 21, 16:31"
282621,Pas terminé,,Pas terminé,,Pas terminé,,Pas terminé,,Pas terminé,,Pas terminé,,Pas terminé,,Pas terminé,,Pas terminé,,
286593,Terminé,"8 juil. 21, 19:20",Terminé,"8 juil. 21, 19:26",Terminé,"8 juil. 21, 19:28",Terminé,"8 juil. 21, 19:29",Terminé,"8 juil. 21, 19:33",Terminé,"8 juil. 21, 19:33",Terminé,"8 juil. 21, 19:35",Terminé,"8 juil. 21, 19:38",Terminé,"8 juil. 21, 19:40","8 juil. 21, 19:40"
287559,Terminé,"18 juil. 21, 20:54",Terminé,"18 juil. 21, 20:55",Terminé,"18 juil. 21, 21:09",Terminé,"18 juil. 21, 21:09",Terminé,"18 juil. 21, 21:17",Terminé,"18 juil. 21, 21:20",Terminé,"18 juil. 21, 21:20",Terminé,"18 juil. 21, 21:26",Terminé,"18 juil. 21, 21:39","18 juil. 21, 21:39"
